title,description,source,source_type,api_source,url,publishedAt,date,link
"Home | Canberra IQABOUTBULLETINSSUBSCRIBEFREE TRIALLOGINCAPITAL INTELLIGENCEWe report Canberra policy and politics, that’s our specialty",No description available,Canberra IQ,Government Policy,Web Scraping,,"Monday, 15  September 2025","Monday, 15  September 2025",
"Four editions eachweekday, one on Sunday LATEST BULLETINS //SUNDAY 14SEPTEMBER2025////FRIDAY 12SEPTEMBER2025////FRIDAY 12SEPTEMBER2025////FRIDAY 12SEPTEMBER2025////FRIDAY 12SEPTEMBER2025//ContactPrivacy Policy© 2022 – Canberra IQ BN 33148987366",No description available,Canberra IQ,Government Policy,Web Scraping,,"Monday, 15  September 2025","Monday, 15  September 2025",
DFAT issued its response to a request for documents about the PM's attempts to meet President Trump at the G7 (heavily redacted),No description available,Canberra IQ,Government Policy,Web Scraping,,"Monday, 15  September 2025","Monday, 15  September 2025",
DFAT issued its response to a request for documents regarding UNRWA Allegation Tracker pages,No description available,Canberra IQ,Government Policy,Web Scraping,,"Monday, 15  September 2025","Monday, 15  September 2025",
I have read and agree to the Canberra IQ Privacy PolicyGET STARTEDAlready a member,No description available,Canberra IQ,Government Policy,Web Scraping,,"Monday, 15  September 2025","Monday, 15  September 2025",
Reset your passwordContactPrivacy Policy© 2022 – Canberra IQ BN 33148987366,No description available,Canberra IQ,Government Policy,Web Scraping,,"Monday, 15  September 2025","Monday, 15  September 2025",
Wombat makes home in main street bowls club amid habitat loss,"A wombat has made its home in the main street of Robe, evidence of an influx of the animals in the South Australian fishing town.","{'id': 'abc-news-au', 'name': 'ABC News (AU)'}",Economic,NewsAPI,https://www.abc.net.au/news/2025-09-14/wombats-take-over-robe-south-australia/105763680,2025-09-13T22:45:30Z,,
Old city brick pit gives endangered frogs a sporting chance,"Twenty-five years after the Sydney Olympics, an important Homebush planning decision has led to successful conservation efforts for a species born in the green and gold. But a deadly fungus poses a threat.","{'id': 'abc-news-au', 'name': 'ABC News (AU)'}",Economic,NewsAPI,https://www.abc.net.au/news/2025-09-14/green-and-golden-bell-frogs-thrive-at-sydney-olympics-site/105762124,2025-09-13T21:56:05Z,,
When speaking doesn't come easily the consequences can be life altering,"One in four children starting school now has a speech or language delay. It can hold back their learning, affect their friendships and harm their mental health. Speech therapists are struggling to find ways to support them all, but one school is leading the w…","{'id': 'abc-news-au', 'name': 'ABC News (AU)'}",Economic,NewsAPI,https://www.abc.net.au/news/2025-09-14/australias-speech-pathology-therapy-language-delay/105658306,2025-09-13T19:12:36Z,,
Albanese to unveil $12 billion AUKUS defence facility expansion,"The Albanese government will spend $12 billion on building a submarine and naval shipbuilding facility south of Perth under AUKUS, as doubts linger over the agreement's future.","{'id': 'abc-news-au', 'name': 'ABC News (AU)'}",Economic,NewsAPI,https://www.abc.net.au/news/2025-09-13/albanese-announces-aukus-12-billion-dollar-defence-spend-perth/105770188,2025-09-13T12:30:01Z,,
Bush band's song tells story of Maralinga atomic bomb tests,"For Liam Tunkin, making music is about continuing his late father's legacy and sharing a dark part of Australia's history.","{'id': 'abc-news-au', 'name': 'ABC News (AU)'}",Economic,NewsAPI,https://www.abc.net.au/news/2025-09-13/bush-band-song-tells-story-of-maralinga-atomic-bomb-tests/105765452,2025-09-13T02:29:21Z,,
Frogs with alpaca genes could soon be hopping around Australia,"Disease-resistant frogs, cane-toad-munching quolls and other gene-edited native animals could be roaming the nation within the next decade. What could go wrong?","{'id': 'abc-news-au', 'name': 'ABC News (AU)'}",Economic,NewsAPI,https://www.abc.net.au/news/science/2025-09-13/genome-editing-dna-wild-animals-conservation-frogs-quolls/105741136,2025-09-13T02:00:00Z,,
Can Australia be both a gas giant and a climate leader?,"Seven years after it was first mooted, the extension of Australia's biggest gas project could not have landed at a more critical juncture for the nation's climate credentials.","{'id': 'abc-news-au', 'name': 'ABC News (AU)'}",Economic,NewsAPI,https://www.abc.net.au/news/2025-09-13/north-west-shelf-extension-part-of-climate-conversation/105766008,2025-09-12T19:44:21Z,,
Jandakot residents trapped with ‘unsellable’ rural properties due to groundwater contaminated with PFAS,Jandakot residents trapped with ‘unsellable’ rural properties due to groundwater contaminated with PFAS7news.com.au,"{'id': None, 'name': '7NEWS.com.au'}",Economic,NewsAPI,https://7news.com.au/news/jandakot-residents-trapped-with-unsellable-rural-properties-due-to-groundwater-contaminated-with-pfas-c-19995499,2025-09-12T03:08:40Z,,
Calls for SA gulfs to be shut to protect 'near-non-existent' stocks amid algal bloom,Commercial fishers in the Gulf St Vincent tell a Senate inquiry it would be best to close the area in order to save the future of the catch and the industry.,"{'id': 'abc-news-au', 'name': 'ABC News (AU)'}",Economic,NewsAPI,https://www.abc.net.au/news/2025-09-12/calls-for-fishing-ban-amid-toxic-algal-bloom/105763810,2025-09-11T23:39:18Z,,
Cormann urges open mind about nuclear power amid climate target debate,"Secretary-General of the OECD and former Coalition finance minister Mathias Cormann suggests Australians keep an open mind to nuclear power, saying there isn't ""anything inherently partisan"" about the energy source.","{'id': 'abc-news-au', 'name': 'ABC News (AU)'}",Economic,NewsAPI,https://www.abc.net.au/news/2025-09-11/oecd-mathias-cormann-australia-nuclear-policy-climate-target/105764162,2025-09-11T09:43:57Z,,
'Bubble curtain' ready for use as SA's algal bloom persists,"A ""bubble curtain"" is set for activation as part of South Australia's fight against the ongoing algal bloom, as the state government defends its handling of health advice.","{'id': 'abc-news-au', 'name': 'ABC News (AU)'}",Economic,NewsAPI,https://www.abc.net.au/news/2025-09-11/algal-bloom-bubble-curtain-ready-as-asthma-advice-defended/105761978,2025-09-11T07:33:59Z,,
A Nampijinpa Price-sized chink in Ley's armour and an Albanese fashion faux pas,The Jacinta Nampijinpa Price saga is a chink in Sussan Ley's armour and at the very least has handed Labor a helluva lot of material for their 2028 election campaign.,"{'id': 'abc-news-au', 'name': 'ABC News (AU)'}",Economic,NewsAPI,https://www.abc.net.au/news/2025-09-11/jacinta-nampijinpa-price-sussan-ley-armour-election/105745506,2025-09-11T06:11:45Z,,
"King Charles hosts SA premier, who 'would love' royal visit at climate summit","SA Premier Peter Malinauskas meets with the sovereign on an official visit to the United Kingdom, during which he also signs an agreement with nuclear reactor manufacturer Rolls-Royce regarding the AUKUS submarine agreement.","{'id': 'abc-news-au', 'name': 'ABC News (AU)'}",Economic,NewsAPI,https://www.abc.net.au/news/2025-09-11/king-charles-hosts-meeting-with-sa-premier-peter-malinauskas/105760222,2025-09-10T23:07:30Z,,
'Sky's the limit' for Claudia Hollingsworth at World Athletics Championships,"National record holder, Claudia Hollingsworth knows that the sky is the limit on her career. With a superstition for jellybeans before each race, the Australian star is ready to take on the World Athletics Championships in Tokyo.","{'id': 'abc-news-au', 'name': 'ABC News (AU)'}",Economic,NewsAPI,https://www.abc.net.au/news/2025-09-11/claudia-hollingsworth-world-athletics-championship/105756644,2025-09-10T22:11:18Z,,
WA's other goldfields are so bright they can be seen from space,"Stunning photos of Western Australia's canola crops can be seen in much of the countryside, on social media and in satellite images.","{'id': 'abc-news-au', 'name': 'ABC News (AU)'}",Economic,NewsAPI,https://www.abc.net.au/news/2025-09-11/satellite-images-show-wa-canola-fields-visible-from-space/105739264,2025-09-10T22:05:31Z,,
New electric ute sparks interest on farms but diesel still dominates,"The Ford F150 Lightning is being touted as the first viable EV for farm work, but it comes with a hefty price tag.","{'id': 'abc-news-au', 'name': 'ABC News (AU)'}",Economic,NewsAPI,https://www.abc.net.au/news/2025-09-11/new-ford-electric-ute-will-farmers-use-ev/105747446,2025-09-10T20:48:43Z,,
SA mum slams health authorities for 'irresponsible' handling of algal bloom advice,"A South Australian mother of a teenager with asthma says it was ""irresponsible"" of health authorities not to communicate updated advice more widely, amid the state's harmful algal bloom.","{'id': 'abc-news-au', 'name': 'ABC News (AU)'}",Economic,NewsAPI,https://www.abc.net.au/news/2025-09-11/sa-mum-calls-for-stronger-algal-bloom-health-advice/105759034,2025-09-10T20:25:21Z,,
"How snail mucin, salmon sperm and 'glass skin' have lured skincare shoppers","Once considered niche, K-beauty products are now everywhere — from luxury department stores to local pharmacies and even supermarkets. It is one of the fastest-growing sectors in the Australian cosmetics landscape.","{'id': 'abc-news-au', 'name': 'ABC News (AU)'}",Economic,NewsAPI,https://www.abc.net.au/news/2025-09-11/the-rise-of-k-beauty-as-australia-market-size-swells/105753808,2025-09-10T19:53:25Z,,
Australian glove-maker Ansell accused of exploiting workers,Melbourne-based company Ansell has confirmed it investigated allegations at a Malaysian factory and identified issues that do not meet labour standards.,"{'id': 'abc-news-au', 'name': 'ABC News (AU)'}",Economic,NewsAPI,https://www.abc.net.au/news/2025-09-11/ansell-gloves-factory-workers-alleged-exploitation-malaysia/105730848,2025-09-10T19:25:54Z,,
Australia wants to expand a massive gas project but Pacific nations aren't happy,"Australia's move to expand Woodside's North West Shelf gas project has not been welcomed in the Pacific, which is fighting the most dramatic effects of climate change.","{'id': 'abc-news-au', 'name': 'ABC News (AU)'}",Economic,NewsAPI,https://www.abc.net.au/news/2025-09-11/vanuatu-warns-australia-about-expansion-of-woodside-gas-project/105759934,2025-09-10T18:48:43Z,,
Paediatricians warn too many children are being wrongly diagnosed with autism,"‘Unfortunately, we’ve set up a model that didn’t work in the first place and we now have to reinvent it.’","{'id': None, 'name': '7NEWS.com.au'}",Economic,NewsAPI,https://7news.com.au/news/paediatricians-warn-too-many-children-are-being-wrongly-diagnosed-with-autism-c-19977416,2025-09-10T10:28:45Z,,
Call for targeted asthma advice as authorities defend bloom health messaging,"Authorities are defending the handling of changed public health advice relating to South Australia's algal bloom, amid ongoing warnings to asthmatics about contaminated sea spray.","{'id': 'abc-news-au', 'name': 'ABC News (AU)'}",Economic,NewsAPI,https://www.abc.net.au/news/2025-09-10/algal-bloom-asthma-warning-defended-amid-toxin-testing-questions/105756710,2025-09-10T05:44:15Z,,
Vaccine approval offers hope for at-risk koala populations,"Australia's vet regulator approves a koala chlamydia vaccine for nationwide rollout, offering new hope in the fight against the potentially fatal sexually transmitted disease.","{'id': 'abc-news-au', 'name': 'ABC News (AU)'}",Economic,NewsAPI,https://www.abc.net.au/news/2025-09-10/koala-chlamydia-vaccine-approved-for-australia-wide-rollout/105747236,2025-09-09T21:32:44Z,,
How a tiny beetle became one of Australia's biggest biosecurity threats,"It's barely the size of a sesame seed, but the shot hole borer has quickly devastated Western Australia's tree canopy. Experts are warning other states and territories to take action now to avoid a similar fate.","{'id': 'abc-news-au', 'name': 'ABC News (AU)'}",Economic,NewsAPI,https://www.abc.net.au/news/2025-09-10/shot-hole-borer-tree-threat-australia/105740250,2025-09-09T21:15:20Z,,
"Lead in water at PCH 'no risk' to safety, says health minister","High levels of lead detected in the water at Perth Children's Hospital do not pose a risk to patient safety, health authorities say.","{'id': 'abc-news-au', 'name': 'ABC News (AU)'}",Economic,NewsAPI,https://www.abc.net.au/news/2025-09-09/lead-in-water-at-perth-childrens-hospital/105755282,2025-09-09T09:51:10Z,,
Border Force turns to popular app to help fight illegal fishing,"The Australian Border Force is launching a reporting function on a popular fishing app, but stakeholders in the far north say the technology means little without more boots on the ground.","{'id': 'abc-news-au', 'name': 'ABC News (AU)'}",Economic,NewsAPI,https://www.abc.net.au/news/2025-09-09/border-force-recfishwest-app-illegal-fishing/105751918,2025-09-09T06:45:45Z,,
"Health authorities update asthma advice on bloom, scientists say full extent of damage unknown",Health authorities have told the opening public hearing of a Senate inquiry into South Australia's algal bloom they have escalated their health advice and are now recommending people with asthma carry their medication on the state's beaches when foam is prese…,"{'id': 'abc-news-au', 'name': 'ABC News (AU)'}",Economic,NewsAPI,https://www.abc.net.au/news/2025-09-09/algal-bloom-senate-inquiry-told-of-asthma-health-impact/105753476,2025-09-09T05:25:24Z,,
'We need more students to finish school': Education minister proposes public school shake-up,"Australia's education minister believes a new super commission will address rising school dropout rates, but he still needs to convince the states to support a greater federal role, writes Conor Duffy.","{'id': 'abc-news-au', 'name': 'ABC News (AU)'}",Economic,NewsAPI,https://www.abc.net.au/news/2025-09-09/teaching-and-learning-commission-education-minister-analysis/105751824,2025-09-09T03:03:36Z,,
Flight delays and cancellations could lead to cash refunds under new Aviation Consumer Protections scheme,Flight delays and cancellations could lead to cash refunds under new Aviation Consumer Protections scheme7news.com.au,"{'id': None, 'name': '7NEWS.com.au'}",Economic,NewsAPI,https://7news.com.au/news/flight-delays-and-cancellations-could-lead-to-cash-refunds-under-new-aviation-consumer-protections-scheme-c-19956463,2025-09-09T02:09:45Z,,
Real time AI monitoring of bee hives hope to stop destructive pest,"AI-enabled sentry hives will soon line the main route to Western Australia from South Australia, using cameras and 4G to detect varroa mite.","{'id': 'abc-news-au', 'name': 'ABC News (AU)'}",Economic,NewsAPI,https://www.abc.net.au/news/2025-09-09/bee-technology-helps-keep-wa-safe-from-varroa-mite/105738478,2025-09-08T22:35:40Z,,
Supersized sex-switching oyster invading Australian waters,"A problematic oyster species that can grow up to 24 centimetres long is spreading through Queensland, with the potential to invade much of the nation's coastline.","{'id': 'abc-news-au', 'name': 'ABC News (AU)'}",Economic,NewsAPI,https://www.abc.net.au/news/rural/2025-09-09/suminoe-chinese-river-oyster-threatens-biosecurity/105749928,2025-09-08T22:07:40Z,,
Timber industry counts cost of ban from Great Koala National Park,"The timber industry says, despite years of consultation, it has been ignored after 176,000 hectares of NSW state forest was ruled off-limits to loggers.","{'id': 'abc-news-au', 'name': 'ABC News (AU)'}",Economic,NewsAPI,https://www.abc.net.au/news/2025-09-09/nsw-timber-industry-shocked-by-logging-ban/105747810,2025-09-08T20:13:22Z,,
"Financial fallout of Woolworths, Coles underpayments could climb past $1 billion","Supermarket giants Coles and Woolworths expect to spend hundreds of millions of dollars more to repay staff the companies underpaid, following a legal judgement experts say could have wide-reaching implications.","{'id': 'abc-news-au', 'name': 'ABC News (AU)'}",Economic,NewsAPI,https://www.abc.net.au/news/2025-09-08/coles-woolworths-underpayment-court-judgement-fallout/105747578,2025-09-08T06:38:20Z,,
Charges dropped against teen accused of threatening staff and students at Adelaide high school,An 18-year-old was charged in May over alleged threats to use explosives and poisons to target a school and public events in Adelaide.,"{'id': 'abc-news-au', 'name': 'ABC News (AU)'}",Economic,NewsAPI,https://www.abc.net.au/news/2025-09-08/glenunga-school-charges-dropped-teenager/105747362,2025-09-08T02:16:30Z,,
Australia-China trade gifts in Solomon Islands as Pacific battle gets 'comical',"Anthony Albanese begins a long Pacific tour this week ahead of the Pacific Islands Forum meeting in Solomon Islands, as the battle for influence between China and Australia continues to create headlines.","{'id': 'abc-news-au', 'name': 'ABC News (AU)'}",Economic,NewsAPI,https://www.abc.net.au/news/2025-09-08/pacific-islands-forum-china-australia-albanese-visit/105745850,2025-09-07T22:21:41Z,,
"What links a skate park, pine trees and 1960s flats? Heritage status","The city of Canberra may only be 112 years old, but it has many things worth preserving, like a brick skate park in the south, and pine trees and 1960s flats in the north. But there can be hurdles to recognising and preserving heritage as the city grows.","{'id': 'abc-news-au', 'name': 'ABC News (AU)'}",Economic,NewsAPI,https://www.abc.net.au/news/2025-09-08/preserving-history-while-allowing-growth-act-heritage-register/105744942,2025-09-07T21:16:03Z,,
Interstate greyhound racing supporters target Tasmanian government over ban,"Participants at interstate greyhound race meets are showing their support for Tasmania's industry, lobbying the state government to drop its planned greyhound racing ban.","{'id': 'abc-news-au', 'name': 'ABC News (AU)'}",Economic,NewsAPI,https://www.abc.net.au/news/2025-09-08/greyhound-advocates-lobby-tasmanian-government-ahead-of-shutdown/105724644,2025-09-07T21:12:19Z,,
Businesses say getting an export grant is harder than getting a Taylor Swift ticket,"Cosmetics entrepreneurs through to tech developers say Austrade's signature export grant has become unfair, badly managed and opaque, all while many are struggling to adjust to Donald Trump's US tariffs.","{'id': 'abc-news-au', 'name': 'ABC News (AU)'}",Economic,NewsAPI,https://www.abc.net.au/news/2025-09-08/exporters-stressed-and-angry-about-emdg-grant/105734456,2025-09-07T20:08:31Z,,
Labor MP calls for WA government to scrap controversial street circuit plans,One of WA's highest-ranking Labor MPs has called on the state government to abandon controversial plans to build an entertainment precinct and street circuit in Burswood.,"{'id': 'abc-news-au', 'name': 'ABC News (AU)'}",Economic,NewsAPI,https://www.abc.net.au/news/2025-09-07/federal-perth-mp-wants-burswood-street-circuit-scrapped/105744928,2025-09-07T01:32:37Z,,
"These frogs are tiny, but their very existence is a huge sign of hope","For the first time, researchers have been able to successfully breed and release into the wild an endangered species of mountain frog.","{'id': 'abc-news-au', 'name': 'ABC News (AU)'}",Economic,NewsAPI,https://www.abc.net.au/news/2025-09-07/endangered-red-yellow-mountain-frogs-breeding-and-release/105739950,2025-09-07T00:25:07Z,,
First millennial saint to be canonised by Pope Leo at the Vatican,"Carlo Acutis, an Italian teenager who died in 2006, will today become the first saint of the internet age.","{'id': 'abc-news-au', 'name': 'ABC News (AU)'}",Economic,NewsAPI,https://www.abc.net.au/news/2025-09-07/carlo-acutis-first-millennial-saint-in-sneakers-gods-influencer-/105627918,2025-09-06T20:57:31Z,,
AFL boss concedes funding cuts have hurt First Nations talent pathways,"Ten years after AFL great Adam Goodes was forced to leave the game, Indigenous player numbers have dwindled, online racist abuse is rife and insiders say elite private schools have dramatically narrowed the talent pathways. How can the league turn it around?","{'id': 'abc-news-au', 'name': 'ABC News (AU)'}",Economic,NewsAPI,https://www.abc.net.au/news/2025-09-07/afl-indigenous-representation-racism/105739448,2025-09-06T20:35:32Z,,
"Deep below the ocean's surface, a global fight is brewing",A push to extract minerals from the depths of the Pacific Ocean is gaining momentum. Here is how it works and why it has become a global flashpoint.,"{'id': 'abc-news-au', 'name': 'ABC News (AU)'}",Economic,NewsAPI,https://www.abc.net.au/news/2025-09-07/deep-sea-mining-explained-as-global-fight-brews/105725488,2025-09-06T20:11:57Z,,
A banned pesticide is showing up in blueberries. No-one can find the source,A scientist investigating why pesticides were appearing in marine life discovers a banned chemical on NSW berries. The underwhelming response from the government has exposed regulatory blind spots in the system meant to protect consumers.,"{'id': 'abc-news-au', 'name': 'ABC News (AU)'}",Economic,NewsAPI,https://www.abc.net.au/news/2025-09-07/pesticide-review-thiometon-dimethoate-blueberries-raspberries/105701674,2025-09-06T19:05:51Z,,
"The timeline, faces and places in Porepunkah's police hunt",Authorities are searching for alleged police shooter Dezi Freeman in the north-east Victorian town of Porepunkah. Here's what we know about the search so far.,"{'id': 'abc-news-au', 'name': 'ABC News (AU)'}",Economic,NewsAPI,https://www.abc.net.au/news/2025-09-06/dezi-freeman-porepunkah-shooting-timeline-evidence/105731142,2025-09-05T23:32:40Z,,
Is Labor getting cold feet on its superannuation tax plan?,This week in Canberra the government seemed to be getting cold feet on its superannuation tax plan and the Coalition reckoned Labor was being less than transparent.,"{'id': 'abc-news-au', 'name': 'ABC News (AU)'}",Economic,NewsAPI,https://www.abc.net.au/news/2025-09-06/superannuation-freedom-of-information-jim-chalmers-jacinta-price/105720438,2025-09-05T19:00:00Z,,
A new world order is emerging but Australia's defence remains tied to the US,"China's display of an array of naval weaponry and assets, as opposed to land-based ones, could hardly have been less subtle.","{'id': 'abc-news-au', 'name': 'ABC News (AU)'}",Economic,NewsAPI,https://www.abc.net.au/news/2025-09-06/china-aukus-united-states-xi-jinping/105720442,2025-09-05T19:00:00Z,,
"NT government passes new police laws, pulls anti-discrimination reforms","The Northern Territory government urgently passes legislation to establish a new police rank this week, after pulling anti-discrimination reforms from the agenda.","{'id': 'abc-news-au', 'name': 'ABC News (AU)'}",Economic,NewsAPI,https://www.abc.net.au/news/2025-09-05/nt-parliament-new-police-rank-clp-ppso-anti-discrimination-bill/105735182,2025-09-05T08:22:54Z,,
Portrait of Tina Arena unveiled to mark 50-year music career,The new portrait comes in two parts — known as a diptych — and will be on display at the National Portrait Gallery from September 6 to mark Tina Arena's 50-year career.,"{'id': 'abc-news-au', 'name': 'ABC News (AU)'}",Economic,NewsAPI,https://www.abc.net.au/news/2025-09-05/tina-arena-50-year-career-portrait-gallery/105738816,2025-09-05T04:08:34Z,,
Tammin celebrates pioneering academic who studied its trapdoor spiders,"Tammin residents are celebrating a 50-year study into trapdoor spiders that unearthed the world's oldest recorded arachnid, and is still going strong.","{'id': 'abc-news-au', 'name': 'ABC News (AU)'}",Economic,NewsAPI,https://www.abc.net.au/news/2025-09-05/trapdoor-spider-tammin-professor-york-main/105671634,2025-09-05T02:01:48Z,,
Are Myanmar's upcoming elections a 'peace-building process' or a 'trap'?,"Nearly five years ago, Myanmar's military seized power, plunging the country into a bloody civil war that left the junta internationally isolated. Now, with no end to the conflict in sight, Myanmar is going to the polls again.","{'id': 'abc-news-au', 'name': 'ABC News (AU)'}",Economic,NewsAPI,https://www.abc.net.au/news/2025-09-05/myanmar-election-pathway-peace-trap/105733420,2025-09-05T00:50:59Z,,
Recreational shooter says culled WA deer look to have suffered,A South West recreational shooter has criticised the WA government's deer aerial cull program after finding several deer with multiple bullet wounds on crown land.,"{'id': 'abc-news-au', 'name': 'ABC News (AU)'}",Economic,NewsAPI,https://www.abc.net.au/news/2025-09-05/concerns-raised-over-deer-cull-western-australia/105724338,2025-09-05T00:02:53Z,,
Australian-made Hollow Knight: Silksong video games set to break records,"After years of silence, Team Cherry has released their sequel to one of the most successful Australian-made games of all time, which is expected to break records.","{'id': 'abc-news-au', 'name': 'ABC News (AU)'}",Economic,NewsAPI,https://www.abc.net.au/news/2025-09-05/hollow-knight-silksong-explainer-team-cherry/105727946,2025-09-04T23:19:53Z,,
Is Australia's promised green hydrogen industry ever going to happen?,Billions of dollars in private investment are being pulled out of green hydrogen projects.,"{'id': 'abc-news-au', 'name': 'ABC News (AU)'}",Economic,NewsAPI,https://www.abc.net.au/news/2025-09-04/hydrogen-australia-energy-jobs-environment-climate/105677690,2025-09-04T05:18:43Z,,
Regional Murray River Mardi Gras idea floated for LGBTQIA+ community,"With few public LGBTQIA+ celebrations in Mildura, a community campaign for a mardi gras is gaining momentum.","{'id': 'abc-news-au', 'name': 'ABC News (AU)'}",Economic,NewsAPI,https://www.abc.net.au/news/2025-09-04/lgbtqia-event-mardi-gras-regional-victoria-mp-river-mildura/105480660,2025-09-03T23:31:31Z,,
Tenants say Victorian affordable housing scheme is flawed,"A year after they moved into an ""affordable"" apartment in a new public-private housing development in inner Melbourne, Alix and Tiarn were told their rent would increase by 17 per cent. They say their experience highlights flaws in the model the Victorian gov…","{'id': 'abc-news-au', 'name': 'ABC News (AU)'}",Economic,NewsAPI,https://www.abc.net.au/news/2025-09-04/ground-lease-affordable-housing-model-flawed-tenants-say/105730686,2025-09-03T19:19:39Z,,
"Aussie housing affordability at record lows, but first timers still buying","Housing affordability remains around record lows, despite recent rate cuts, but it is not stopping an above-average number of first-time buyers from entering the market, according to a new report.","{'id': 'abc-news-au', 'name': 'ABC News (AU)'}",Economic,NewsAPI,https://www.abc.net.au/news/2025-09-04/record-low-housing-affordability-for-first-home-buyers/105729220,2025-09-03T14:01:00Z,,
"Labor push to water down information laws, reduce transparency","The government will argue the ""proper functioning"" of government is hampered by disclosure laws and push for wide-ranging restrictions on the information that can be released to the public.","{'id': 'abc-news-au', 'name': 'ABC News (AU)'}",Economic,NewsAPI,https://www.abc.net.au/news/2025-09-03/labor-to-water-down-information-laws/105729886,2025-09-03T07:22:52Z,,
Nine Sydney suburbs identified as priority areas for social housing,Researchers have identified the nine priority areas for social housing builds in Sydney — but there are concerns the Not In My Backyard movement could prove a challenge in community sentiment towards new developments.,"{'id': 'abc-news-au', 'name': 'ABC News (AU)'}",Economic,NewsAPI,https://www.abc.net.au/news/2025-09-03/priority-areas-social-housing-in-sydney-earmarked-new-research/105709134,2025-09-02T20:04:53Z,,
This Aussie refugee family made headlines. Now their story is on stage,The Nadesalingam family's immigration nightmare has been transformed into a work of theatre that will have its world premiere at Brisbane Festival.,"{'id': 'abc-news-au', 'name': 'ABC News (AU)'}",Economic,NewsAPI,https://www.abc.net.au/news/2025-09-03/back-to-bilo-brisbane-festival-immigration-nadesalingam/105720690,2025-09-02T19:58:35Z,,
'Great outcome' or simply unaffordable? Debate over Melbourne redevelopment heats up,"The redevelopment of the 150-year-old Queen Victoria Market has been described as the ""biggest renewal"" in its history with thousands of new homes promised, but some critics say the plans don't do enough for affordability.","{'id': 'abc-news-au', 'name': 'ABC News (AU)'}",Economic,NewsAPI,https://www.abc.net.au/news/2025-09-02/queen-victoria-market-redevelopment-housing-boost/105722108,2025-09-02T05:38:43Z,,
Glazier working 90-hour weeks warns housing targets may be unachievable,"As tradespeople work long hours to meet demand and fewer school leavers choose apprenticeships, industry leaders say Australia does not have the workforce to meet its ambitious housing goals.","{'id': 'abc-news-au', 'name': 'ABC News (AU)'}",Economic,NewsAPI,https://www.abc.net.au/news/2025-09-02/fears-trades-skills-shortage-may-undermine-vic-housing-targets/105698356,2025-09-02T00:26:03Z,,
How 'edible shelters' for sheep could boost lamb survival rates,"Scientists hope shrubs will help to improve the survival of lambs, particularly twins, on West Australian farms, by providing windbreaks and food for the animals.","{'id': 'abc-news-au', 'name': 'ABC News (AU)'}",Economic,NewsAPI,https://www.abc.net.au/news/2025-09-01/edible-shelters-for-sheep-could-boost-lamb-survival-rates/105704046,2025-08-31T23:37:16Z,,
Experts say weekend anti-immigration rallies raise 'concerning development',"Members of the multicultural community describe fear and hurt after the weekend's anti-immigration demonstrations, while experts raise concerns about far-right groups.","{'id': 'abc-news-au', 'name': 'ABC News (AU)'}",Economic,NewsAPI,https://www.abc.net.au/news/2025-09-01/weekend-anti-immigration-rallies/105718340,2025-08-31T20:12:16Z,,
Voice note shows WA police officer laughed at prisoner's death days after he asked for help,The ABC has obtained a voice recording of a WA police officer laughing about the suicide of an Aboriginal prisoner. It comes as new data shows the state has the highest rates of Indigenous deaths in custody in Australia.,"{'id': 'abc-news-au', 'name': 'ABC News (AU)'}",Economic,NewsAPI,https://www.abc.net.au/news/2025-09-01/wa-police-officer-ignored-prisoner-suicide-threat-before-death/105506456,2025-08-31T18:37:01Z,,
"Australia keeps pumping house prices, while Trump pursues 'state-run capitalism'","President Donald Trump opens the door to ""state-run capitalism"" in the US, while Australia keeps pumping house prices.","{'id': 'abc-news-au', 'name': 'ABC News (AU)'}",Economic,NewsAPI,https://www.abc.net.au/news/2025-08-31/australia-keeps-pumping-house-prices-trump-state-run-capitalism/105711838,2025-08-30T21:33:35Z,,
"Amid Russia's invasion, some Ukrainians have to 'fight like it's the 1940s'","Australian troops are among a group of allies helping train Ukrainian soldiers in England. Despite technological advances in war, sometimes it's about getting back to basics.","{'id': 'abc-news-au', 'name': 'ABC News (AU)'}",Economic,NewsAPI,https://www.abc.net.au/news/2025-08-31/australian-soldiers-helping-train-ukrainian-troops-in-england/105710172,2025-08-30T19:11:45Z,,
Inside the world of 'sovcits' and the pseudolaw keeping their conspiracies alive,"""Sovereign citizens"" believe Australian laws do not apply to them. That's where pseudolaw comes in.","{'id': 'abc-news-au', 'name': 'ABC News (AU)'}",Economic,NewsAPI,https://www.abc.net.au/news/2025-08-31/sovereign-citizen-sovcit-pseudolaw-porepunkah/105711958,2025-08-30T19:00:00Z,,
Country legend's nephew takes 'deadly' school of rock to remote kids,"Fronted by the kin of Aussie music royalty, Elvis Kernaghan and The Min Min Lights turn outback classrooms into rock concerts.","{'id': 'abc-news-au', 'name': 'ABC News (AU)'}",Economic,NewsAPI,https://www.abc.net.au/news/2025-08-30/elvis-min-min-lights-outback-music-school-workshops-tour/105706984,2025-08-29T23:23:48Z,,
'Destroying aspirations': Filmmakers still waiting on content quotas,"With promised local content requirements for streaming services delayed indefinitely, Australian filmmakers say the local industry is hurting.","{'id': 'abc-news-au', 'name': 'ABC News (AU)'}",Economic,NewsAPI,https://www.abc.net.au/news/2025-08-30/delays-to-content-quotas-for-streaming-services-hurting-industry/105680966,2025-08-29T22:25:26Z,,
Aiva is ready to flick the switch and put her foot down in Zandvoort,"It has been several weeks since Australian driver Aiva Anagnostiadis has been in a racing car but when she hits the track on Friday in the Netherlands, the Victorian will ""switch something mentally"" before putting her foot down.","{'id': 'abc-news-au', 'name': 'ABC News (AU)'}",Economic,NewsAPI,https://www.abc.net.au/news/2025-08-29/f1-academy-returns-dutch-grand-prix-aiva-anagnostiadis/105643950,2025-08-29T04:11:06Z,,
Oyster reef restoration raises hope for north Queensland marine health,Scientists and traditional owners restore oyster reefs once common in Far North Queensland waters.,"{'id': 'abc-news-au', 'name': 'ABC News (AU)'}",Economic,NewsAPI,https://www.abc.net.au/news/2025-08-29/far-north-queensland-oyster-restoration-project-launched/105671188,2025-08-28T23:36:18Z,,
ASIO chief Mike Burgess gives Australia's national security agency a public face,"If the intelligence community had its Logies, ASIO chief Mike Burgess would be chasing gold this week.","{'id': 'abc-news-au', 'name': 'ABC News (AU)'}",Economic,NewsAPI,https://www.abc.net.au/news/2025-08-29/mike-burgess-gives-national-security-agency-a-public-face/105693332,2025-08-28T20:04:00Z,,
'Bubble curtain' to protect giant Australian cuttlefish from algal bloom,"A highly experimental, nearly $700,000 ""bubble curtain"" will be installed next week hoping to protect cuttlefish and their eggs in the Upper Spencer Gulf from South Australia's toxic algal bloom.","{'id': 'abc-news-au', 'name': 'ABC News (AU)'}",Economic,NewsAPI,https://www.abc.net.au/news/2025-08-28/bubble-curtain-protect-upper-spencer-gulf-cuttlefish-algal-bloom/105708406,2025-08-28T09:05:24Z,,
Man in custody on fresh charges after avoiding jail for assaulting bus driver,"A man who bashed a Brisbane bus driver has been spared jail time over the ""deplorable and grotesque"" attack, but will remain on remand in a ""surprise"" development.","{'id': 'abc-news-au', 'name': 'ABC News (AU)'}",Economic,NewsAPI,https://www.abc.net.au/news/2025-08-28/qld-bus-driver-assault-man-in-custody-unrelated-charges/105697474,2025-08-28T08:24:04Z,,
BOM forecasts wet spring as severe storm barrels towards nation's south,Spring is shaping up to be warm and wet for large parts of country as warm seas off WA's north-west kick a major climate driver into gear.,"{'id': 'abc-news-au', 'name': 'ABC News (AU)'}",Economic,NewsAPI,https://www.abc.net.au/news/2025-08-28/bom-forecasts-wet-spring-in-australia/105703118,2025-08-28T03:16:36Z,,
Promised town centre in limbo years after residents bought into new suburb,Residents in Melbourne's booming outer west say developers have failed to deliver on their initial sales pitches — prompting a push for tighter restrictions on the way new communities are advertised.,"{'id': 'abc-news-au', 'name': 'ABC News (AU)'}",Economic,NewsAPI,https://www.abc.net.au/news/2025-08-28/melton-council-calling-for-tighter-advertising-restrictions/105705074,2025-08-28T03:09:19Z,,
They bought into a new community — but 'promises' remain undelivered,Residents in Melbourne's booming outer west say developers have failed to deliver on their initial sales pitches — prompting a push for tighter restrictions on the way new communities are advertised.,"{'id': 'abc-news-au', 'name': 'ABC News (AU)'}",Economic,NewsAPI,https://www.abc.net.au/news/2025-08-28/melbourne-council-calling-for-tighter-advertising-restrictions/105705074,2025-08-28T03:09:19Z,,
Supermarket giants split on beef linked to land clearing,"A conservation group welcomes a pledge from Coles to purchase greener beef, but says it is concerned about a change in policy from Wooworths.","{'id': 'abc-news-au', 'name': 'ABC News (AU)'}",Economic,NewsAPI,https://www.abc.net.au/news/rural/2025-08-28/coles-and-woolworths-release-beef-sustainability-2025-goal/105703130,2025-08-27T23:36:25Z,,
Teenagers rally against mental 'numbness' after natural disasters,A group of high school students is putting in place initiatives they hope can help young people's mental health after floods.,"{'id': 'abc-news-au', 'name': 'ABC News (AU)'}",Economic,NewsAPI,https://www.abc.net.au/news/2025-08-28/manning-youth-think-tank-develops-new-flood-recovery-projects/105594910,2025-08-27T23:12:44Z,,
Lifesaving US deal hangs in the balance as Star fights with banks,"It's the last roll of the dice for what was once one of the country's biggest casino groups, as yet another dispute with exasperated bankers delays a potentially lifesaving deal.","{'id': 'abc-news-au', 'name': 'ABC News (AU)'}",Economic,NewsAPI,https://www.abc.net.au/news/2025-08-28/star-entertainment-ballys-corporation-deal-analysis/105703708,2025-08-27T20:06:12Z,,
Gold Coast mayor buys final parcel of bowls club land for $4.17m,"Tom Tate's consortium, Crestden, has bought the final part of the old Surfers Paradise Bowls Club site, drawing calls for another investigation by the state's corruption watchdog.","{'id': 'abc-news-au', 'name': 'ABC News (AU)'}",Economic,NewsAPI,https://www.abc.net.au/news/2025-08-27/tom-tate-completes-purchase-of-surfers-paradise-bowls-club-land/105702196,2025-08-27T10:05:00Z,,
History beckons as Suns aim to rewrite Gold Coast's wretched sporting history,The Gold Coast Suns stand on the precipice of what few Gold Coast-based sporting teams have done before. This year’s Suns are looking to break a 25-year title drought on the coast after being reshaped in the image of their premiership-winning coach.,"{'id': 'abc-news-au', 'name': 'ABC News (AU)'}",Economic,NewsAPI,https://www.abc.net.au/news/2025-08-27/afl-gold-coast-suns-finals-drought-damien-hardwick-analysis/105700578,2025-08-26T20:32:34Z,,
Iran's alleged sponsoring of antisemitic attacks in Australia may be 'power projection exercise',"While attacks on Jews in places like Australia reinforce the narrative of Israel's right-wing, certain elements within Iran see them as part of a strategy to threaten Israel and inflate Iran's power beyond its limited military and diplomatic range.","{'id': 'abc-news-au', 'name': 'ABC News (AU)'}",Economic,NewsAPI,https://www.abc.net.au/news/2025-08-27/analysis-iran-alleged-antisemitic-attacks-power-exercise/105700758,2025-08-26T19:21:45Z,,
Coolgardie council on notice as minister threatens suspension,"A regional West Australian council is being demanded to prove why they shouldn't be suspended, in the second dramatic country council revelation in the past 24 hours.","{'id': 'abc-news-au', 'name': 'ABC News (AU)'}",Economic,NewsAPI,https://www.abc.net.au/news/2025-08-26/coolgardie-council-suspension-minister-show-cause-notice/105692974,2025-08-26T07:26:44Z,,
Residents up in arms over plans to sell a Melbourne golf course,"Some community members in Melbourne's south-east are fighting plans to sell a public golf course, as the club behind it grapples with growing debt.","{'id': 'abc-news-au', 'name': 'ABC News (AU)'}",Economic,NewsAPI,https://www.abc.net.au/news/2025-08-26/community-frustrations-over-plans-to-rezone-rossdale-golf-club/105685064,2025-08-25T19:57:39Z,,
He received $92m from investors to construct homes. He barely built a thing,"David McWilliams took millions of dollars from investors by saying he was building houses for people with profound disabilities. Despite having his assets frozen, Four Corners can reveal he is still living a lavish lifestyle.","{'id': 'abc-news-au', 'name': 'ABC News (AU)'}",Economic,NewsAPI,https://www.abc.net.au/news/2025-08-26/david-mcwilliams-alammc-sda-fraud-investigation-four-corners/105694222,2025-08-25T18:47:21Z,,
"US cuts to science could mean Australian research, and lives, put at risk","Academics say cuts to US-based scientific agencies could make predicting emergency weather in Australia more difficult, with other critical research projects also at risk.","{'id': 'abc-news-au', 'name': 'ABC News (AU)'}",Economic,NewsAPI,https://www.abc.net.au/news/2025-08-25/australian-academics-us-funding-cuts-will-hurt-local-research/105684772,2025-08-25T00:18:29Z,,
Three Canberra couples create communal home by changing planning laws,Stellulata is a co-housing project designed and built by three Canberra couples who wanted to enjoy both privacy and community.,"{'id': 'abc-news-au', 'name': 'ABC News (AU)'}",Economic,NewsAPI,https://www.abc.net.au/news/2025-08-25/cohousing-communal-living-for-six-canberra-residents/105690652,2025-08-24T20:48:08Z,,
74yo swaps birthday cake for lawyer certificate,"When Tim Looker retired, he was keen to pick up a hobby. So he returned to university, becoming a lawyer on his 74th birthday.","{'id': 'abc-news-au', 'name': 'ABC News (AU)'}",Economic,NewsAPI,https://www.abc.net.au/news/2025-08-24/tim-looker-admitted-as-lawyer-on-74th-birthday/105660596,2025-08-23T21:57:43Z,,
Australian family meets Ugandan child sponsor after three decades,"The Anschau family started sponsoring Edward Kankaka in 1995, exchanging letters and photos. Three decades on, they finally meet the man with the ""huge smile"" in person.","{'id': 'abc-news-au', 'name': 'ABC News (AU)'}",Economic,NewsAPI,https://www.abc.net.au/news/2025-08-24/newcastle-family-meet-ugandan-child-sponsor-three-decades-later/105687130,2025-08-23T21:51:32Z,,
Not everyone sees themselves in superheroes that are 'mostly white men',"As new audiences watch superheroes, what kind of characters do they want to see?  Two Australian comic writers would love to see their First Nations heroes hit the big screen.","{'id': 'abc-news-au', 'name': 'ABC News (AU)'}",Economic,NewsAPI,https://www.abc.net.au/news/2025-08-24/how-well-do-audiences-relate-to-superheroes/105668972,2025-08-23T20:15:00Z,,
Why Aunty Donna's 'last big show for a while' is only the beginning,Sketch group Aunty Donna have spent more than a decade working tirelessly for a seat at Australia’s comedy table. Now they’re pulling chairs up for new creators.,"{'id': 'abc-news-au', 'name': 'ABC News (AU)'}",Economic,NewsAPI,https://www.abc.net.au/news/2025-08-24/aunty-donna-drem-tour-2025-interview/105670780,2025-08-23T20:00:00Z,,
The 'golden era' of reform in the 1980s and 90s had a dark side,Treasurer Jim Chalmers won't be making big reforms to the tax system immediately. He knows major policy changes can have unintended consequences.,"{'id': 'abc-news-au', 'name': 'ABC News (AU)'}",Economic,NewsAPI,https://www.abc.net.au/news/2025-08-24/the-golden-era-of-reform-in-the-1980s-and-90s-had-a-dark-side/105680806,2025-08-23T18:47:57Z,,
"In a male teacher drought, Ryan is an endangered breed","After never seeing primary school teaching as a career path, Ryan Brown now believes he's found his ""calling"", but he's one of just two male classroom teachers at his Canberra primary school.","{'id': 'abc-news-au', 'name': 'ABC News (AU)'}",Economic,NewsAPI,https://www.abc.net.au/news/2025-08-23/shortage-of-male-teachers-impacting-classroom-diversity/105673820,2025-08-22T22:08:29Z,,
'Sophisticated fraudster' behind cancelled Victorian bushfire charity event,"Court documents reveal the founder of a charity behind a cancelled bushfire recovery event was described by a judge as a ""sophisticated fraudster"" and convicted of multiple crimes of deception under a different name.","{'id': 'abc-news-au', 'name': 'ABC News (AU)'}",Economic,NewsAPI,https://www.abc.net.au/news/2025-08-23/jay-brady-jason-palankay-deception-charges-bushfire-recovery/105610002,2025-08-22T21:08:56Z,,
Ghosts of Sydney's cinemas cast shadows on those still standing,"Sydney's suburban cinemas were once our dream palaces. Many have closed their doors with some lying ghostly empty and others demolished, erased from our cityscape forever. For those still remaining, is the writing on the wall?","{'id': 'abc-news-au', 'name': 'ABC News (AU)'}",Economic,NewsAPI,https://www.abc.net.au/news/2025-08-23/sydney-cinemas-are-disappearing-with-concerns-more-may-follow/105477156,2025-08-22T21:00:02Z,,
Biomedical research centre warns 'mouse house' at risk from plastics plant,One of Australia's leading biomedical centres says a proposed plastics recycling plant south of Sydney could endanger the breeding of genetically modified mice used in life-saving research.,"{'id': 'abc-news-au', 'name': 'ABC News (AU)'}",Economic,NewsAPI,https://www.abc.net.au/news/2025-08-22/garvan-mouse-house-opposes-moss-vale-plastics-plant/105686418,2025-08-22T07:34:46Z,,
Court knocks back doctors' challenge to Burrup gas project,"Facing three separate court challenges in a week, Woodside has had a win with the Federal Court dismissing a challenge by Doctors for the Environment to a gas project on the Burrup Peninsula.","{'id': 'abc-news-au', 'name': 'ABC News (AU)'}",Economic,NewsAPI,https://www.abc.net.au/news/2025-08-22/woodside-north-west-shelf-murujuga-legal-action-nopsema-doctors/105682332,2025-08-22T07:23:07Z,,
Norweigan energy giant pulls out of $10 billion offshore wind project,"A $10 billion offshore wind farm project, which has been in the planning for more than five years, is in limbo after an overseas company rejected a feasibility license.","{'id': 'abc-news-au', 'name': 'ABC News (AU)'}",Economic,NewsAPI,https://www.abc.net.au/news/2025-08-22/energy-giant-pulls-out-of-hunter-offshore-wind-farm/105684170,2025-08-22T01:28:04Z,,
The dark secret behind China's military display as deflation eats it from within,"While the world's two largest economies are in a battle, there's a possible silver lining for Australia.","{'id': 'abc-news-au', 'name': 'ABC News (AU)'}",Exports,NewsAPI,https://www.abc.net.au/news/2025-09-09/xi-and-trump-with-trouble-at-home-going-head-to-head/105749856,2025-09-08T18:45:06Z,,
BHP banks on China export resilience and India growth for demand,"BHP Group Ltd. predicts strong commodity demand from China and India despite global uncertainties, supporting future growth.","{'id': 'bloomberg', 'name': 'Bloomberg'}",Exports,NewsAPI,https://www.bloomberg.com/news/articles/2025-08-19/iron-ore-falls-with-bhp-results-soft-china-demand-in-focus,2025-08-19T09:42:17Z,,
"Closer ties between China, Russia, North Korea and Iran are reshaping the world","Flanked by the leaders of some of the world's most sanctioned nations, Chinese President Xi Jinping led what some analysts have dubbed an ""axis of upheaval"" this week.","{'id': 'abc-news-au', 'name': 'ABC News (AU)'}",Tariffs,NewsAPI,https://www.abc.net.au/news/2025-09-07/axis-of-upheaval-china-north-korea-iran-russia/105721686,2025-09-06T19:00:00Z,,
Are Myanmar's upcoming elections a 'peace-building process' or a 'trap'?,"Nearly five years ago, Myanmar's military seized power, plunging the country into a bloody civil war that left the junta internationally isolated. Now, with no end to the conflict in sight, Myanmar is going to the polls again.","{'id': 'abc-news-au', 'name': 'ABC News (AU)'}",Tariffs,NewsAPI,https://www.abc.net.au/news/2025-09-05/myanmar-election-pathway-peace-trap/105733420,2025-09-05T00:50:59Z,,
Modi meets Putin in China as tensions simmer with US over Russian oil imports,The pair reportedly spoke for an hour one-on-one before the formal meeting began and held hands in front of the cameras.,"{'id': 'abc-news-au', 'name': 'ABC News (AU)'}",Tariffs,NewsAPI,https://www.abc.net.au/news/2025-09-01/narendra-modi-meets-putin-at-shanghai-cooperation-meeting/105722964,2025-09-01T13:09:26Z,,
"Putin, Modi and Xi Jinping To Meet at Shanghai Cooperation Organization Summit","Vladimir Putin, Narendra Modi and leaders of eight other nations are meeting in northern China this week, as host Xi Jinping boosts his image as the leader of a new global world order.","{'id': None, 'name': 'The Sydney Morning Herald'}",Tariffs,NewsAPI,https://www.smh.com.au/business/the-economy/china-s-super-summit-unites-trump-s-foes-and-friends-alike-20250831-p5mr7b.html,2025-08-31T03:41:01Z,,
